title|indeg
'Turkey at the 1964 Summer Olympics'|198
'Eurema sarilata'|4
'Variegated mountain lizard'|4
'Tetrastrum'|1
'WordDive'|1
'Ashaga Fyndygan'|47
'The Eagle (1925 film)'|85
'Bruce-Briggs Brick Block'|4
'Main street manager'|2
'Alfred Pillinger'|8
'R Boötis'|118
'The Feeding'|3
'Universal McCann'|31
'Partially ordered space'|5
'What Comes Naturally'|40
'Reginald De Koven'|66
'Round Hill, Rappahannock County, Virginia'|37
'5th Expeditionary Force (Ottoman Empire)'|64
'Sige Subukan Mo'|1
'Surgères 48 Hour Race'|6
'Maria Elena Boschi'|40
'Nether Silton'|5
'Mareil-sur-Loir'|364
'Ked itch'|3
'Alabama Woman Blues'|2
'Melissa Roxburgh'|11
'Catocala kaki'|1
'Cart with Red and White Ox'|190
'Reggae Embassy'|3
'Ignatius L. Donnelly'|311
'Options of a Trapped Mind'|2
'Joey Yung discography'|6
'Feuerspitze'|4
'RSCH'|0
'Looks and Smiles'|54
'2010 ADAC GT Masters'|13
'Abas Daud'|5
'Schwarzschild coordinates'|28
'André Duchesne (musician)'|7
'Canada's Worst Driver 12'|16
'Plex Systems'|4
'Kitab al-'Uyun'|4
'East Lynne (1922 film)'|5
'1991 in Jordan'|70
'Viaje a la luna'|27
'Third Thai–Lao Friendship Bridge'|12
'Micrurus browni'|7
'Starplex Cinemas'|23
'Riviera Nayarita'|9
'Cape San Pablo Lighthouse'|2
'List of museums in Rhode Island'|95
'Rex Yetman'|4
'List of libraries in the ancient world'|11
'Nathaniel Thayer'|7
'Llanuwchllyn'|242
'The Gamblers (surf band)'|5
'Jan Penc'|1
'Porno Graffitti'|139
'Kulsoom Abdullah'|5
'Lenexa, Kansas'|465
'Crushing (execution)'|199
'Ridge, New York'|101
'McKay, Calaveras County, California'|142
'Helcystogramma hassenzanensis'|2
'First Offense'|24
'Tom Varner Quartet'|7
'Bids for the 1984 Winter Olympics'|35
'Sokół Aleksandrów Łódzki'|11
'Gish (surname)'|1
'1937 in Chile'|223
'Turze Rogi'|40
'Starhorse'|98
'Botham'|0
'Saint Lucia National Emergency Management Organisation'|4
'Saori Ariyoshi'|52
'Serakhs District'|55
'Politics (poem)'|68
'Sammy Irvine'|5
'European Judaism (journal)'|10
'Strings of Freedom'|2
'I Want a Woman'|49
'N-Acetylanthranilic acid'|8
'Captain Clegg (film)'|193
'Tim Hotte'|6
'Berthillon'|5
'Nohea'|2
'Listen (Doctor Who)'|173
'Râșca River (Someș)'|4
'Whitesburg Formation'|1
'Izvor'|7
'Girija Devi'|518
'Ola Vincent'|15
'Madol Duwa'|9
'Les Orientales'|66
'Mulga parrot'|21
'Thomea newtoni'|3
'Heptafluorobutyric acid'|5
'Kuthukuluru'|3
'Princess Teishi'|75
'Simonyspitzen'|7
'Ermita de San Francisco, Nàquera'|0
'Smash (professional wrestling)'|103
'Stondon Massey (parish)'|11
'IWGP Heavyweight Championship'|297
'2010 FIBA Africa Under-18 Championship'|38
'James Dun's House'|19
'Similaun'|14
'Bucha, Kiev Oblast'|128
'Binnum, South Australia'|34
'Eric Jelen'|227
'Claudine K. Brown'|6
'Robert Sterling Arnold'|4
'Eugen Mack'|147
'Soviet Union at the 1960 Summer Olympics'|1554
'Bhangala'|105
'1998 AFC Youth Championship'|74
'Thomas W. Beasley'|8
'Thomas More College (South Australia)'|4
'Catteville'|482
'Robin Christopher'|36
'Kabeela'|9
'Topobea pascoensis'|2
'List of lakes in Dawson County, Montana'|3
'I Feel for You'|228
'Albania at the 2015 World Aquatics Championships'|198
'West Cracroft Island'|15
'Dyfed–Powys Police'|806
'Liu Yu (warlord)'|305
'Lifestyle disease'|18
'Darreh Naqi'|276
'Albert Tucker (artist)'|54
'Fraser Agnew'|19
'Kea Nunataks'|1
'VIR'|1
'George Murphy (Canadian politician)'|12
'Zygophyllum'|49
'Corculla District'|112
'SZD-41 Jantar Standard'|50
'Celtchar'|79
'Leader of the Opposition (Jamaica)'|45
'Machakaaran'|23
'Voltaic Solidarity'|7
'Quadrature modulation'|8
'Mathew Campagna'|2
'Liceo scientifico statale Camillo Cavour'|1
'National Investigative Service (Bulgaria)'|2
'Nee (band)'|5
'Souderton Area High School'|112
'Striarcana tauranga'|1
'Quercus hui'|3
'Peter Ryan (rugby union)'|5
'Waddie Mitchell'|15
'An Empty Hug a love story'|0
'Rancho Los Gatos or Santa Rita'|3
'Castanopsis paucispina'|1
'John Colagioia'|5
'Alejandro Álvarez'|7
'Adamzai'|2
'Greeicy Rendón'|9
'Cycling in New South Wales'|55
'Fatmata Turay'|3
'Finetooth shark'|277
'Mambo Sinuendo'|35
'Phyllotodes obliquefasciatus'|1
'Shikar (2006 film)'|14
'Setu coins'|26
'Sybra scalaris'|1
'Infamous'|4
'Eddy Ellwood'|10
'Absinthe (show)'|18
'Swastika Stone'|10
'STS-100'|305
'Copa do Brasil de Futebol Feminino'|306
'Khan Hasham bin Saddique'|3
'Chinatown, London'|179
'OR11H4'|337
'Esterling'|1
'Melusine (company)'|8
'Pauli Tavisalo'|5
'Drew Barrymore'|1097
'Pääsuke'|1
'Tomás Laighléis'|4
'Ősi'|37
'Partick West railway station'|131
'KURM-FM'|32
'Shook Ones (Part II)'|75
'René-Joseph Kimber'|15
'Strelitzia nicolai'|22
'He Knew He Was Right'|52
'The Lion King'|1497
'Kreviazuk'|0
'The More Abundant Life'|150
'H. M. Nayak'|11
'Treadwell, New York'|125
'Horace Thomas'|21
'Blood (In This Moment album)'|34
'Lower Alsace'|76
'Murder of Yetunde Price'|5
'Springville, Nova Scotia'|6
'Claude Le Péron'|4
'Episannina albifrons'|3
'Ichioka'|1
'Naomi McClure-Griffiths'|5
'William P. Sprague'|52
'Wendy Dascomb'|40
'Edmund Burt'|3
'Bryan Station High School'|37
'Housekeeping (film)'|27
'New Providence Wharf'|4
'Antanas Impulevičius'|105
'Ali Kerboua'|4
'Thomas of Metsoph'|63
'Two-spotted goby'|10
'Tonga Island'|8
'Glodzhevo'|257
'Lalomoana'|120
'169th Battalion (109th Regiment), CEF'|3
'Citizens' jury'|18
'Khedive's Star'|39
'Bråkar och Johanna'|2
'Saugerties High School'|4
'List of schools in Antwerp'|4
'Pseudaneitea aspera'|1
'Region 6, Northwest Territories'|60
'Walter Matthews (politician)'|6
'The Sheila Divine'|13
'Time of the Great Freeze'|55
'Loren Ross'|5
'Judit Pogány'|12
'Gunnar Uldall'|3
'Quchan Atiq Rural District'|194
'Ce' Cile'|7
'LaserBand'|2
'Brian Hill (chef)'|5
'Sharon Sayles Belton'|18
'Lampin Corporation'|1
'Sir Arthur Streeb-Greebling'|6
'Hyaleucerea phaeosoma'|2
'HIV vaccine'|371
'Herxheim am Berg'|72
'List of Canadian women's national ice hockey team rosters'|42
'Central FM (Spanish radio station)'|3
'Frederick Vosper'|17
'Nyírkarász'|228
'Darlington rail crash'|13
'Mike Trout'|629
'Communist Alliance'|247
'Pedram Ardalany'|5
'Hildeburh'|10
'Rob Warner'|2
'Ping Zhang'|2
'Khabur River'|9
'Binary betting'|3
'Chapel Island 5'|6
'The Kaleidoscope Trust'|9
'Sad va Soleyman'|166
'Wheelchair fencing at the 2012 Summer Paralympics – Men's sabre B'|18
'Maulana Azad College of Arts and Science'|5
'Ariel Shtini'|2
'2008–09 Los Angeles Clippers season'|100
'KRCK-FM'|69
'List of people from Lleida'|1
'Bioprocess engineering'|23
'Claude Louis François Régnier de Guerchy'|6
'Doolgunna'|61
'Mithril'|302
'James Bridie'|76
'Umiasussuk'|159
'St. Enoch Centre'|47
'François Lefebvre de Caumartin'|18
'Thrianta'|1
'Baghdad Central Station'|7
'Leonidas Lent Hamline'|15
'Lockitron'|4
'Viveiros'|0
'Point Samson, Western Australia'|38
'Montreuil-Bellay'|221
'Kyrölä railway station'|8
'Trichostichia'|1
'Keweenaw National Historical Park'|268
'Garuda Indonesia Flight 150'|34
'Banki State'|2
'Petar Aleksandrov'|114
'Oberkommando der Marine'|111
'White Flag (Johns painting)'|8
'Athletics at the 1997 East Asian Games'|68
'Arne Sandstø'|40
'Jeff Nicholson'|5
'1924 Tulane Green Wave football team'|129
'Nikos Vergos'|19
'Brish Run'|4
'Operation Board Games'|45
'Austin City Hall'|1
'Kootathil Oruthan'|28
'Valdez High School'|5
'John Kogut'|7
'MSC Armonia'|30
'Good luck charm'|203
'Diplomatic uniform'|114
'1662 in England'|198
'Highland, Missouri'|56
'Mikael Lindström'|5
'Lafayette hillside memorial'|26
'47th station (CTA Green Line)'|34
'Shorts in a Bunch'|11
'OR5A2'|337
'Denis Earp'|5
'Cirque Peak (Alberta)'|2
'Pointers, New Jersey'|61
'The Last Airbender (video game)'|62
'Craig Greenhill'|20
'Praaklima'|36
'Cantatorium'|1
'Thomas Hunt House'|2
'Women in Oman'|311
'Listed buildings in Næstved Municipality'|60
'Yardbird Suite (album)'|10
'Jean Rousseau (politician)'|18
'2011 Antonio Savoldi–Marco Cò – Trofeo Dimmidisì – Singles'|7
'Vřesina (Ostrava-City District)'|15
'Ancestor veneration in China'|79
'Hymenopodinae'|19
'Lighthouse of Ponta das Contendas'|3
'Acalyptris fortis'|1
'Greg Truitt'|5
'USS Folly (SP-1453)'|3
'Peter Schöffer'|58
'Delias funerea'|2
'Sir Peter FitzGerald, 19th Knight of Kerry'|13
'1967–68 Tranmere Rovers F.C. season'|76
'Carbasalate calcium'|348
'Greek ship Ermis'|2
'Gianluca Gorini'|6
'Miz Ima Starr'|3
'Fengtai Dongdajie Station'|16
'Bahing'|48
'Rubin Tyumen'|108
'Sora, Chile'|2
'Capacitor'|1022
'2003–04 Newcastle United SC season'|31
'Honoris Crux'|3
'Stephen Randall Harris'|46
'Emma-Kate Dewhurst'|4
'Rugege Highlands forest chameleon'|2
'Maurice Trintignant'|441
'Chris Sanders (wide receiver)'|25
'The Fifth Quarter'|7
'Asahara'|0
'Carrier Air Conditioner move to Mexico'|3
'San Juan Teita'|38
'NASASpaceFlight.com'|78
'Anna'|9
'Miccosukee Resort & Gaming'|45
'Penange Dogon'|48
'Pull printing'|5
'Sean Fleming'|3
'2001 UEFA–CAF Meridian Cup'|14
'Charles Lapointe'|120
'Pakistan Naval Academy'|553
'2017 Irving Tennis Classic'|163
'Vijay Dahiya'|55
'Gowran (Parliament of Ireland constituency)'|35
'Crenshaw Crossing, Illinois'|43
'1977 IAAF World Cross Country Championships – Senior men's race'|217
'Swimming at the 2006 Asian Games – Women's 50 metre butterfly'|44
'Daved Benefield'|54
'Andy Harpas'|1
'USS White Marsh (LSD-8)'|20
'Kim Jung-hyun (footballer, born 1990)'|9
'Rebecca Parchment'|46
'In the Nightside Eclipse'|32
'Stolen Harmony'|66
'OzLand'|5
'279'|21
'István Vincze (mathematician)'|5
'Dickel'|48
'Humoresque (1946 film)'|59
'Rimikhan Ziyadov'|0
'Sungeo-guk'|18
'Xenophage'|0
'Glaucocharis melistoma'|2
'Jai Jai Jai Bajrang Bali'|108
'Euphaedra graueri'|2
'Howard Brown Health Center'|45
'1925 Boston College Eagles football team'|98
'Marcos Winter'|14
'Emma Leth'|1
'Kasia Miednik'|4
'Wilczopole'|16
'U.S. Route 25 in Georgia'|84
'HMS Exmoor (L61)'|103
'Bonjour Kathrin – Caterina Valente präsentiert ihre größten Erfolge'|6
'George Symes'|1
'Crime harm index'|1
'Standard, Indiana'|53
'William Pearly Oliver'|9
'Short interspersed nuclear element'|29
'Doege–Potter syndrome'|5
'Priscilla Freeman Jacobs'|0
'New Zealand women's cricket team in South Africa in 2016–17'|75
'NER Class W1'|184
'Pseudorhabdosynochus epinepheli'|4
'Sacred Heart Academy (Stamford, Connecticut)'|4
'Jurbijarkol'|330
'Amphimasoreus'|1
'Pietro da Pietri'|11
'Justin Pearson'|45
'Chord Line, Tamil Nadu'|395
'Guilded Age'|18
'Chichester's Inn'|1
'James Van Cleve'|16
'Nevado de Chañi'|3
'1981–82 OHL season'|94
'Sepia rhoda'|5
'Nicothoe'|3
'El Caín'|1
'Tarbosaurus'|128
'Edgar Bogardus'|1
'Windows Mobile 6.5'|167
'Sam Honigberg'|2
'Hottāman no Chitei Tanken'|3
'1962–63 Bahraini Premier League'|65
'Blackiston Formation'|2
'Niederöblarn'|13
'Edgewater Park School District'|44
'Kevin Corrigan'|149
'Achiam'|4
'1972–73 European Cup'|420
'Juan Garcia-Herreros'|8
'Phoenicurusia'|3
'Drought cycle (Brazilian literature)'|1
'Gegeneophis carnosus'|8
'Rembówko'|41
'Pallesen'|0
'British Pakistani (disambiguation)'|2
'Karnataka State Law University'|49
'EVE/ZeBu'|5
'SA Pathology'|4
'Alex Remneas'|5
'Rancho Magaña Airstrip'|3
'1995 Football League Third Division play-off Final'|160
'American studies'|186
'Charles Edward Bright'|7
'Marina Gritsenko'|25
'Herencia maldita'|140
'The Adventure of the Ectoplasmic Man'|1
'Ogawa Station (Aichi)'|13
'Beaufort County Courthouse'|3
'Solio Ranch'|5
'Sunekosuri'|1
'Yolanda Sanchez'|1
'Jure Košir'|85
'No. 10 Local Air Supply Unit RAAF'|86
'Teresa Dovalpage'|2
'Oncideres dalmani'|2
'Robyn North'|6
'Luis García Berlanga'|150
'Gakologelwang Masheto'|15
'DFW Tornados'|87
'Howard Davies (economist)'|58
'List of spa towns in France'|16
'2009 Honda Indy Toronto'|86
'Troy Newman (activist)'|14
'Oskar D'Amico'|3
'Two Small Bodies'|10
'Liên Sơn'|211
'Roger Somville'|6
'1987 World Rally Championship'|86
'2016 ICC World Cricket League Division Five'|81
'Kamil Bednarek'|46
'Battle of Dobrynichi'|13
'Placebo studies'|1
'Rain Rock, Ohio'|87
'List of Chairmen of the Supreme Soviet of the Turkmen Soviet Socialist Republic'|2
'Change the World: An Introduction'|49
'Port Stanvac, South Australia'|11
'Veselin Mareshki'|8
'Happy Rock'|2
'Kunkayuq'|5
'1971 European Athletics Championships – Men's 100 metres'|86
'Sandro Bloudek'|12
'Dam Boz'|229
'Ellen Hamlin'|43
'Toyogdo'|209
'RU.TV'|82
'Alan Breeze'|6
'List of castles in the Pays de la Loire'|13
'Pavel Sulyandziga'|5
'Copulabyssia'|7
'PDCurses'|6
'Hamamelididae'|9
'Barefoot (horse)'|201
'You Better Not Waste My Time'|35
'Leichhardt Tree, Taroom'|3
'St Barnabas' Church, Bromborough'|14
'John Willoughby Crawford'|94
'Morris Bear Squire'|2
'Thomas Hamlin Hubbard'|14
'Tehuantepec District'|61
'Gisilia antidesma'|4
