start,end,path,degree
Turkey at the 1964 Summer Olympics,Homunculus,Turkey at the 1964 Summer Olympics->Turkey at the 1976 Winter Olympics->Austria->Paracelsus->Homunculus,4
Eurema sarilata,Homunculus,Eurema sarilata->Lepidoptera->Fairy->Elemental->Homunculus,4
Variegated mountain lizard,Homunculus,Variegated mountain lizard->Binomial nomenclature->Herman Boerhaave->Iatrochemistry->Homunculus,4
Tetrastrum,Homunculus,Tetrastrum->Taxonomy (biology)->History of evolutionary thought->Homunculus,3
WordDive,Homunculus,WordDive->Grammar->Latin->List of Latin words with English derivatives->Homunculus,4
Ashaga Fyndygan,Homunculus,Ashaga Fyndygan->Geographic coordinate system->Latin->List of Latin words with English derivatives->Homunculus,4
The Eagle (1925 film),Homunculus,The Eagle (1925 film)->International Standard Book Number->ISO 259->Golem->Homunculus,4
Bruce-Briggs Brick Block,Homunculus,"Bruce-Briggs Brick Block->National Register of Historic Places listings in Rensselaer County, New York->Pittsfield, Massachusetts->The 25th Annual Putnam County Spelling Bee->Homunculus",4
Main street manager,Homunculus,"Main street manager->National Trust for Historic Preservation->New Iberia, Louisiana->Latin->List of Latin words with English derivatives->Homunculus",5
Alfred Pillinger,Homunculus,Alfred Pillinger->Hobart->Charles Darwin->Heredity->Homunculus,4
R Boötis,Homunculus,R Boötis->NGC 5248->Carina Nebula->Homunculus,3
The Feeding,Homunculus,The Feeding->Werewolf->Mandrake->Homunculus,3
Universal McCann,Homunculus,Universal McCann->R/GA->The Silence of the Lambs (film)->Hellboy II: The Golden Army->Homunculus,4
Partially ordered space,Homunculus,Partially ordered space->Ordered vector space->Mathematics->Fractal->Homunculus,4
What Comes Naturally,Homunculus,What Comes Naturally->MCA Records->Musical theatre->The 25th Annual Putnam County Spelling Bee->Homunculus,4
Reginald De Koven,Homunculus,Reginald De Koven->Internet Archive->Hamid Naderi Yeganeh->Fractal->Homunculus,4
"Round Hill, Rappahannock County, Virginia",Homunculus,"Round Hill, Rappahannock County, Virginia->U.S. state->Latin->List of Latin words with English derivatives->Homunculus",4
5th Expeditionary Force (Ottoman Empire),Homunculus,5th Expeditionary Force (Ottoman Empire)->23rd Infantry Division (Ottoman Empire)->Arabs->Alchemy and chemistry in medieval Islam->Homunculus,4
Sige Subukan Mo,Homunculus,Sige Subukan Mo->Butterfly knife->Athame->Classical element->Homunculus,4
Surgères 48 Hour Race,Homunculus,Surgères 48 Hour Race->Australia->British Empire->John Dee->Homunculus,4
Maria Elena Boschi,Homunculus,Maria Elena Boschi->Bologna->Prague->Golem->Homunculus,4
Nether Silton,Homunculus,Nether Silton->List of places in England->Elizabethan era->John Dee->Homunculus,4
Mareil-sur-Loir,Homunculus,Mareil-sur-Loir->France->Common sense->Direct and indirect realism->Homunculus,4
Ked itch,Homunculus,Ked itch->International Standard Book Number->Library->John Dee->Homunculus,4
Alabama Woman Blues,Homunculus,Alabama Woman Blues->Music genre->Sampling (music)->Simulacrum->Homunculus,4
Melissa Roxburgh,Homunculus,Melissa Roxburgh->Diary of a Wimpy Kid: Rodrick Rules (film)->Astro Boy (film)->Faust (manga)->Homunculus,4
Catocala kaki,Homunculus,Catocala kaki->Arthropod->Sperm->Homunculus,3
Cart with Red and White Ox,Homunculus,Cart with Red and White Ox->Langlois Bridge at Arles->Cologne->Heinrich Cornelius Agrippa->Homunculus,4
Reggae Embassy,Homunculus,Reggae Embassy->Jamaica->Goby->Sperm->Homunculus,4
Ignatius L. Donnelly,Homunculus,Ignatius L. Donnelly->Atlantis->Ouroboros->Homunculus,3
Options of a Trapped Mind,Homunculus,Options of a Trapped Mind->Thrash metal->Post-metal->Elemental->Homunculus,4
Joey Yung discography,Homunculus,Joey Yung discography->Music industry->Austria->Paracelsus->Homunculus,4
Feuerspitze,Homunculus,Feuerspitze->Austria->Paracelsus->Homunculus,3
RSCH,Homunculus,RSCH->Royal Sussex County Hospital->University of Brighton->Raymond Briggs->Homunculus,4
Looks and Smiles,Homunculus,Looks and Smiles->The Angels' Share->The Mystery of Picasso->The Dream and Lie of Franco->Homunculus,4
2010 ADAC GT Masters,Homunculus,2010 ADAC GT Masters->Austria->Paracelsus->Homunculus,3
Abas Daud,Homunculus,Abas Daud->Singapore->Chinese folk religion->Baopuzi->Homunculus,4
Schwarzschild coordinates,Homunculus,Schwarzschild coordinates->Surface area->Fractal->Homunculus,3
André Duchesne (musician),Homunculus,André Duchesne (musician)->Musical collective->Crass->Ouroboros->Homunculus,4
Canada's Worst Driver 12,Homunculus,Canada's Worst Driver 12->Canada->Gold->Philosopher's stone->Homunculus,4
Plex Systems,Homunculus,Plex Systems->ISO 14000->ISO 259->Golem->Homunculus,4
Kitab al-'Uyun,Homunculus,Kitab al-'Uyun->Miskawayh->Alchemy and chemistry in medieval Islam->Homunculus,3
East Lynne (1922 film),Homunculus,East Lynne (1922 film)->Sydney Showground (Moore Park)->Film->Bride of Frankenstein->Homunculus,4
1991 in Jordan,Homunculus,1991 in Jordan->1952 in Jordan->1952->Jack Parsons (rocket engineer)->Homunculus,4
Viaje a la luna,Homunculus,Viaje a la luna->Los astronautas->Venus->Alchemy->Homunculus,4
Third Thai–Lao Friendship Bridge,Homunculus,Third Thai–Lao Friendship Bridge->Laos->Islam->Alchemy and chemistry in medieval Islam->Homunculus,4
Micrurus browni,Homunculus,Micrurus browni->Neuromuscular junction->Heredity->Homunculus,3
Starplex Cinemas,Homunculus,Starplex Cinemas->Malco Theatres->The Little Girl Who Lives Down the Lane->Hellboy II: The Golden Army->Homunculus,4
Riviera Nayarita,Homunculus,"Riviera Nayarita->San Blas, Nayarit->1530->Paracelsus->Homunculus",4
Cape San Pablo Lighthouse,Homunculus,Cape San Pablo Lighthouse->The Lighthouse at the End of the World->Journey to the Center of the Earth->Alchemy->Homunculus,4
List of museums in Rhode Island,Homunculus,List of museums in Rhode Island->Cape Verde->Market economy->Fractal->Homunculus,4
Rex Yetman,Homunculus,"Rex Yetman->St. John's, Newfoundland and Labrador->Republic of Ireland->The Life and Opinions of Tristram Shandy, Gentleman->Homunculus",4
List of libraries in the ancient world,Homunculus,List of libraries in the ancient world->Ibn al-Nadim->Alchemy and chemistry in medieval Islam->Homunculus,3
Nathaniel Thayer,Homunculus,Nathaniel Thayer->Horace Mann->Albert A. Michelson->Edgar Adrian->Homunculus,4
Llanuwchllyn,Homunculus,Llanuwchllyn->Sir Kay->List of works based on Arthurian legends->Homunculus,3
The Gamblers (surf band),Homunculus,The Gamblers (surf band)->Cover version->Simulacrum->Homunculus,3
Jan Penc,Homunculus,Jan Penc->Czech Republic->Golem->Homunculus,3
Porno Graffitti,Homunculus,Porno Graffitti->Magi: The Labyrinth of Magic->Fullmetal Alchemist: Brotherhood->Homunculus,3
Kulsoom Abdullah,Homunculus,Kulsoom Abdullah->Pakistan->Biology->Heredity->Homunculus,4
"Lenexa, Kansas",Homunculus,"Lenexa, Kansas->Marriage->Heredity->Homunculus",3
Crushing (execution),Homunculus,Crushing (execution)->Roman Empire->Greek Magical Papyri->Homunculus,3
"Ridge, New York",Homunculus,"Ridge, New York->Terryville, New York->Marriage->Heredity->Homunculus",4
"McKay, Calaveras County, California",Homunculus,"McKay, Calaveras County, California->California->Adaptive radiation->History of evolutionary thought->Homunculus",4
Helcystogramma hassenzanensis,Homunculus,Helcystogramma hassenzanensis->Taxonomy (biology)->History of evolutionary thought->Homunculus,3
First Offense,Homunculus,First Offense->New wave music->Romanticism->Frankenstein->Homunculus,4
Tom Varner Quartet,Homunculus,Tom Varner Quartet->Jazz->Bugge Wesseltoft->Mungolian Jet Set->Homunculus,4
Bids for the 1984 Winter Olympics,Homunculus,Bids for the 1984 Winter Olympics->Bids for the 2020 Summer Olympics->Prague->Golem->Homunculus,4
Sokół Aleksandrów Łódzki,Homunculus,Sokół Aleksandrów Łódzki->Poland->De revolutionibus orbium coelestium->John Dee->Homunculus,4
Gish (surname),Homunculus,Gish (surname)->Surname->Heredity->Homunculus,3
1937 in Chile,Homunculus,1937 in Chile->1952 in Chile->1952->Jack Parsons (rocket engineer)->Homunculus,4
Turze Rogi,Homunculus,Turze Rogi->Powiat->Archon->Enlightenment (spiritual)->Homunculus,4
Starhorse,Homunculus,Starhorse->Growlanser->Growlanser (video game)->Homunculus,3
Botham,Homunculus,Botham->Ian Botham->Game (hunting)->Mandrake->Homunculus,4
Saint Lucia National Emergency Management Organisation,Homunculus,Saint Lucia National Emergency Management Organisation->Saint Lucia->Osiris->Ouroboros->Homunculus,4
Saori Ariyoshi,Homunculus,Saori Ariyoshi->Aya Miyama->Chiba Prefecture->Battle Programmer Shirase->Day Break Illusion->Homunculus,5
Serakhs District,Homunculus,Serakhs District->Turkmenistan->Islam->Alchemy and chemistry in medieval Islam->Homunculus,4
Politics (poem),Homunculus,Politics (poem)->Aesthetics->Fractal->Homunculus,3
Sammy Irvine,Homunculus,"Sammy Irvine->1978–79 Stoke City F.C. season->Republic of Ireland->The Life and Opinions of Tristram Shandy, Gentleman->Homunculus",4
European Judaism (journal),Homunculus,European Judaism (journal)->ATLA Religion Database->Religion->Enlightenment (spiritual)->Homunculus,4
Strings of Freedom,Homunculus,Strings of Freedom->Jenin->Mosque->Alchemy and chemistry in medieval Islam->Homunculus,4
I Want a Woman,Homunculus,I Want a Woman->Way Cool Jr.->Irony->Elixir of life->Homunculus,4
N-Acetylanthranilic acid,Homunculus,N-Acetylanthranilic acid->Chemical nomenclature->Alchemy->Homunculus,3
Captain Clegg (film),Homunculus,Captain Clegg (film)->The Revenge of Frankenstein->Doctor Septimus Pretorius->Homunculus,3
Tim Hotte,Homunculus,Tim Hotte->Bradford->Film->Bride of Frankenstein->Homunculus,4
Berthillon,Homunculus,Berthillon->Geographic coordinate system->Translation->Simulacrum->Homunculus,4
Nohea,Homunculus,Nohea->Taxonomy (biology)->History of evolutionary thought->Homunculus,3
Listen (Doctor Who),Homunculus,Listen (Doctor Who)->Human Resources (audio drama)->List of Doctor Who henchmen->Homunculus,3
Râșca River (Someș),Homunculus,Râșca River (Someș)->Romania->Austria->Paracelsus->Homunculus,4
Whitesburg Formation,Homunculus,Whitesburg Formation->Stratigraphy->Speciation->History of evolutionary thought->Homunculus,4
Izvor,Homunculus,Izvor->Čaška Municipality->Czech Republic->Golem->Homunculus,4
Girija Devi,Homunculus,Girija Devi->Rukmini Devi Arundale->Paracelsus->Homunculus,3
Ola Vincent,Homunculus,Ola Vincent->International Standard Book Number->Library->John Dee->Homunculus,4
Madol Duwa,Homunculus,Madol Duwa->Martin Wickramasinghe->Film->Bride of Frankenstein->Homunculus,4
Les Orientales,Homunculus,Les Orientales->Orientalism->Enlightenment (spiritual)->Homunculus,3
Mulga parrot,Homunculus,Mulga parrot->Parrot->Cerebral cortex->Homunculus,3
Thomea newtoni,Homunculus,Thomea newtoni->Taxonomy (biology)->History of evolutionary thought->Homunculus,3
Heptafluorobutyric acid,Homunculus,Heptafluorobutyric acid->Chemical nomenclature->Alchemy->Homunculus,3
Kuthukuluru,Homunculus,Kuthukuluru->Andhra Pradesh->Islam->Alchemy and chemistry in medieval Islam->Homunculus,4
Princess Teishi,Homunculus,Princess Teishi->Saiō->Mie Prefecture->Square Enix->Day Break Illusion->Homunculus,5
Simonyspitzen,Homunculus,Simonyspitzen->Austria->Paracelsus->Homunculus,3
"Ermita de San Francisco, Nàquera",Homunculus,"Ermita de San Francisco, Nàquera->Gothic Revival architecture->Frankenstein->Homunculus",3
Smash (professional wrestling),Homunculus,Smash (professional wrestling)->James Maritato->MythAdventures->Imp->Homunculus,4
Stondon Massey (parish),Homunculus,Stondon Massey (parish)->Civil parish->Grimsby->Imp->Homunculus,4
IWGP Heavyweight Championship,Homunculus,IWGP Heavyweight Championship->Professional wrestling->Masculinity->Sperm->Homunculus,4
2010 FIBA Africa Under-18 Championship,Homunculus,2010 FIBA Africa Under-18 Championship->FIBA Africa->Cycling->Sperm->Homunculus,4
James Dun's House,Homunculus,James Dun's House->Aberdeen->Doctor Who->List of Doctor Who henchmen->Homunculus,4
Similaun,Homunculus,Similaun->Mountain range->Venus->Alchemy->Homunculus,4
"Bucha, Kiev Oblast",Homunculus,"Bucha, Kiev Oblast->Raions of Ukraine->Polish–Lithuanian Commonwealth->Alchemy->Homunculus",4
"Binnum, South Australia",Homunculus,"Binnum, South Australia->Geographic coordinate system->Translation->Simulacrum->Homunculus",4
Eric Jelen,Homunculus,Eric Jelen->Italy->Aristotle->Classical element->Homunculus,4
Claudine K. Brown,Homunculus,Claudine K. Brown->American Alliance of Museums->San Diego Zoo Global->Sperm->Homunculus,4
Robert Sterling Arnold,Homunculus,Robert Sterling Arnold->Singing school->A cappella->The 25th Annual Putnam County Spelling Bee->Homunculus,4
Eugen Mack,Homunculus,Eugen Mack->World Artistic Gymnastics Championships – Men's vault->Basel->Paracelsus->Homunculus,4
Soviet Union at the 1960 Summer Olympics,Homunculus,Soviet Union at the 1960 Summer Olympics->1960 Summer Olympics->Cycling->Sperm->Homunculus,4
Bhangala,Homunculus,Bhangala->Mela Maghi->Islam and Sikhism->Alchemy and chemistry in medieval Islam->Homunculus,4
1998 AFC Youth Championship,Homunculus,1998 AFC Youth Championship->Saudi Arabia->Fatimid Caliphate->Alchemy and chemistry in medieval Islam->Homunculus,4
Thomas W. Beasley,Homunculus,Thomas W. Beasley->International Standard Book Number->Literacy->Alchemy->Homunculus,4
Thomas More College (South Australia),Homunculus,Thomas More College (South Australia)->Parish->Austria->Paracelsus->Homunculus,4
Catteville,Homunculus,Catteville->Central European Summer Time->Austria->Paracelsus->Homunculus,4
Robin Christopher,Homunculus,Robin Christopher->Linda Dano->Alzheimer's disease->Cerebral cortex->Homunculus,4
Kabeela,Homunculus,Kabeela->Lata Mangeshkar->Chakra->Classical element->Homunculus,4
Topobea pascoensis,Homunculus,Topobea pascoensis->Taxonomy (biology)->History of evolutionary thought->Homunculus,3
"List of lakes in Dawson County, Montana",Homunculus,"List of lakes in Dawson County, Montana->Reservoir->History of agriculture->History of evolutionary thought->Homunculus",4
I Feel for You,Homunculus,I Feel for You->Sampling (music)->Simulacrum->Homunculus,3
Albania at the 2015 World Aquatics Championships,Homunculus,Albania at the 2015 World Aquatics Championships->Aruba at the 2015 World Aquatics Championships->Aruba->Dutch language->List of diminutives by language->Homunculus,5
West Cracroft Island,Homunculus,West Cracroft Island->Island->Dutch language->List of diminutives by language->Homunculus,4
Dyfed–Powys Police,Homunculus,Dyfed–Powys Police->Area->Fractal->Homunculus,3
Liu Yu (warlord),Homunculus,Liu Yu (warlord)->Annotations to Records of the Three Kingdoms->Baopuzi->Homunculus,3
Lifestyle disease,Homunculus,Lifestyle disease->Disease->Heredity->Homunculus,3
Darreh Naqi,Homunculus,Darreh Naqi->Time zone->Causality->History of evolutionary thought->Homunculus,4
Albert Tucker (artist),Homunculus,Albert Tucker (artist)->Virtual International Authority File->Dutch language->List of diminutives by language->Homunculus,4
Fraser Agnew,Homunculus,Fraser Agnew->Technical drawing->Mental image->Homunculus,3
Kea Nunataks,Homunculus,Kea Nunataks->United States Geological Survey->Cartography->Mental image->Homunculus,4
VIR,Homunculus,VIR->Latin->List of Latin words with English derivatives->Homunculus,3
George Murphy (Canadian politician),Homunculus,George Murphy (Canadian politician)->Newfoundland and Labrador->Dutch language->List of diminutives by language->Homunculus,4
Zygophyllum,Homunculus,Zygophyllum->Taxonomy (biology)->History of evolutionary thought->Homunculus,3
Corculla District,Homunculus,Corculla District->Mayor->Dutch language->List of diminutives by language->Homunculus,4
SZD-41 Jantar Standard,Homunculus,SZD-41 Jantar Standard->SZD-42 Jantar 2->Amber->Dutch language->List of diminutives by language->Homunculus,5
Celtchar,Homunculus,Celtchar->Bláthnat->Mythology->List of legendary creatures by type->Homunculus,4
Leader of the Opposition (Jamaica),Homunculus,Leader of the Opposition (Jamaica)->Style (manner of address)->Dutch language->List of diminutives by language->Homunculus,4
Machakaaran,Homunculus,Machakaaran->Madhushree->Enthiran->Frankenstein->Homunculus,4
Voltaic Solidarity,Homunculus,Voltaic Solidarity->French language->Dutch language->List of diminutives by language->Homunculus,4
Quadrature modulation,Homunculus,Quadrature modulation->Phase-shift keying->Probability->Index of logic articles->Homunculus argument->Homunculus,5
Mathew Campagna,Homunculus,Mathew Campagna->Plymouth Whalers->Navy blue->Zaffre->List of alchemical substances->Homunculus,5
Liceo scientifico statale Camillo Cavour,Homunculus,Liceo scientifico statale Camillo Cavour->Technical drawing->Mental image->Homunculus,3
National Investigative Service (Bulgaria),Homunculus,National Investigative Service (Bulgaria)->Bulgarian language->Diminutive->List of diminutives by language->Homunculus,4
Nee (band),Homunculus,Nee (band)->Gautama Buddha->Buddhist symbolism->Mahābhūta->Homunculus,4
Souderton Area High School,Homunculus,Souderton Area High School->Upper Dublin High School->Avenue Q->The 25th Annual Putnam County Spelling Bee->Homunculus,4
Striarcana tauranga,Homunculus,Striarcana tauranga->Mollusca->Sperm->Homunculus,3
Quercus hui,Homunculus,Quercus hui->Taxonomy (biology)->History of evolutionary thought->Homunculus,3
Peter Ryan (rugby union),Homunculus,"Peter Ryan (rugby union)->St Joseph's College, Hunters Hill->Library->John Dee->Homunculus",4
Waddie Mitchell,Homunculus,Waddie Mitchell->Guy Gillette (photographer)->Cancer->Heredity->Homunculus,4
An Empty Hug a love story,Homunculus,An Empty Hug a love story->Fiction->Novel->Frankenstein->Homunculus,4
Rancho Los Gatos or Santa Rita,Homunculus,Rancho Los Gatos or Santa Rita->List of counties in California->Diminutive->List of diminutives by language->Homunculus,4
Castanopsis paucispina,Homunculus,Castanopsis paucispina->Taxonomy (biology)->History of evolutionary thought->Homunculus,3
John Colagioia,Homunculus,John Colagioia->Computer Science->Computer science->History of artificial intelligence->Homunculus,4
Alejandro Álvarez,Homunculus,Alejandro Álvarez->Virtual International Authority File->Dutch language->List of diminutives by language->Homunculus,4
Adamzai,Homunculus,Adamzai->Nowshera District->Kund Park->Peafowl->Splendor Solis->Homunculus,5
Greeicy Rendón,Homunculus,Greeicy Rendón->Surname->Heredity->Homunculus,3
Cycling in New South Wales,Homunculus,Cycling in New South Wales->Cycling->Sperm->Homunculus,3
Fatmata Turay,Homunculus,Fatmata Turay->Sierra Leone->Gold->Alchemy->Homunculus,4
Finetooth shark,Homunculus,Finetooth shark->Elasmobranchii->Sperm->Homunculus,3
Mambo Sinuendo,Homunculus,Mambo Sinuendo->Audio mixing (recorded music)->Mashup (music)->Simulacrum->Homunculus,4
Phyllotodes obliquefasciatus,Homunculus,Phyllotodes obliquefasciatus->Arthropod->Sperm->Homunculus,3
Shikar (2006 film),Homunculus,Shikar (2006 film)->Bengali language->Dutch language->List of diminutives by language->Homunculus,4
Setu coins,Homunculus,Setu coins->Tamil language->Afrikaans->List of diminutives by language->Homunculus,4
Sybra scalaris,Homunculus,Sybra scalaris->Arthropod->Sperm->Homunculus,3
Infamous,Homunculus,Infamous->Infamous (video game)->Phil LaMarr->The Life and Times of Juniper Lee->Homunculus,4
Eddy Ellwood,Homunculus,Eddy Ellwood->United Kingdom->Ben Kingsley->Simulacrum->Homunculus,4
Absinthe (show),Homunculus,Absinthe (show)->Daniel Radcliffe->Frankenstein->Homunculus,3
Swastika Stone,Homunculus,Swastika Stone->Swastika->Ouroboros->Homunculus,3
STS-100,Homunculus,STS-100->Soyuz TMA-13->Russian language->Dutch language->List of diminutives by language->Homunculus,5
Copa do Brasil de Futebol Feminino,Homunculus,Copa do Brasil de Futebol Feminino->List of Campeonato Brasileiro Série A broadcasters->Dutch language->List of diminutives by language->Homunculus,4
Khan Hasham bin Saddique,Homunculus,Khan Hasham bin Saddique->United Kingdom->Ben Kingsley->Simulacrum->Homunculus,4
"Chinatown, London",Homunculus,"Chinatown, London->Somers Town, London->Frankenstein->Homunculus",3
OR11H4,Homunculus,OR11H4->Gene nomenclature->Heredity->Homunculus,3
Esterling,Homunculus,Esterling->Ounce->Dutch language->List of diminutives by language->Homunculus,4
Melusine (company),Homunculus,Melusine (company)->List of business entities->Dutch language->List of diminutives by language->Homunculus,4
Pauli Tavisalo,Homunculus,Pauli Tavisalo->Sprint (running)->Cycling->Sperm->Homunculus,4
Drew Barrymore,Homunculus,Drew Barrymore->Selma Blair->Hellboy II: The Golden Army->Homunculus,3
Pääsuke,Homunculus,Pääsuke->Surname->Heredity->Homunculus,3
Tomás Laighléis,Homunculus,Tomás Laighléis->Virtual International Authority File->Dutch language->List of diminutives by language->Homunculus,4
Ősi,Homunculus,Ősi->Geographic coordinate system->Translation->Simulacrum->Homunculus,4
Partick West railway station,Homunculus,Partick West railway station->United Kingdom->Ben Kingsley->Simulacrum->Homunculus,4
KURM-FM,Homunculus,KURM-FM->Radio station->Communication->Triarchic theory of intelligence->Homunculus,4
Shook Ones (Part II),Homunculus,Shook Ones (Part II)->Hamilton (musical)->The 25th Annual Putnam County Spelling Bee->Homunculus,3
René-Joseph Kimber,Homunculus,René-Joseph Kimber->Ninety-Two Resolutions->United Kingdom->Ben Kingsley->Simulacrum->Homunculus,5
Strelitzia nicolai,Homunculus,Strelitzia nicolai->Taxonomy (biology)->History of evolutionary thought->Homunculus,3
He Knew He Was Right,Homunculus,"He Knew He Was Right->Barchester Towers->The Life and Opinions of Tristram Shandy, Gentleman->Homunculus",3
The Lion King,Homunculus,The Lion King->Kimba the White Lion->Faust (manga)->Homunculus,3
Kreviazuk,Homunculus,Kreviazuk->Surname->Heredity->Homunculus,3
The More Abundant Life,Homunculus,The More Abundant Life->First inauguration of Franklin D. Roosevelt->Dutch language->List of diminutives by language->Homunculus,4
H. M. Nayak,Homunculus,H. M. Nayak->Virtual International Authority File->Dutch language->List of diminutives by language->Homunculus,4
"Treadwell, New York",Homunculus,"Treadwell, New York->United States->Don DeLillo->Simulacrum->Homunculus",4
Horace Thomas,Homunculus,Horace Thomas->France->Dutch language->List of diminutives by language->Homunculus,4
Blood (In This Moment album),Homunculus,Blood (In This Moment album)->Electronic music->Sound collage->Simulacrum->Homunculus,4
Lower Alsace,Homunculus,"Lower Alsace->Strasbourg->The Life and Opinions of Tristram Shandy, Gentleman->Homunculus",3
Murder of Yetunde Price,Homunculus,Murder of Yetunde Price->Serena Williams->Mother Nature->Atalanta Fugiens->Homunculus,4
"Springville, Nova Scotia",Homunculus,"Springville, Nova Scotia->Nova Scotia->Dutch language->List of diminutives by language->Homunculus",4
Claude Le Péron,Homunculus,Claude Le Péron->The Rolling Stones->Cover version->Simulacrum->Homunculus,4
Episannina albifrons,Homunculus,Episannina albifrons->Taxonomy (biology)->History of evolutionary thought->Homunculus,3
Ichioka,Homunculus,Ichioka->Surname->Heredity->Homunculus,3
Naomi McClure-Griffiths,Homunculus,Naomi McClure-Griffiths->Powerhouse Museum->Communication->Triarchic theory of intelligence->Homunculus,4
William P. Sprague,Homunculus,William P. Sprague->Virtual International Authority File->Prague->John Dee->Homunculus,4
Wendy Dascomb,Homunculus,Wendy Dascomb->Miss Universe 1969->Bob Barker->Silver Spring monkeys->Homunculus,4
Edmund Burt,Homunculus,Edmund Burt->Walter Scott->Gothic fiction->Hanns Heinz Ewers->Homunculus,4
Bryan Station High School,Homunculus,"Bryan Station High School->Lexington, Kentucky->Thomas Hunt Morgan->Edgar Adrian->Homunculus",4
Housekeeping (film),Homunculus,Housekeeping (film)->Being Human (1994 film)->Mel Brooks->The 25th Annual Putnam County Spelling Bee->Homunculus,4
New Providence Wharf,Homunculus,New Providence Wharf->London Docklands->Limehouse->John Dee->Homunculus,4
Antanas Impulevičius,Homunculus,Antanas Impulevičius->Philadelphia->Chemical Heritage Foundation->History of chemistry->Homunculus,4
Ali Kerboua,Homunculus,Ali Kerboua->United Arab Emirates->Geographic coordinate system->Translation->Simulacrum->Homunculus,5
Thomas of Metsoph,Homunculus,Thomas of Metsoph->Georgia (country)->Golden Fleece->Cyranides->Homunculus,4
Two-spotted goby,Homunculus,Two-spotted goby->Estonia->Alice in Wonderland (2010 film)->9 (2009 animated film)->Homunculus,4
Tonga Island,Homunculus,Tonga Island->Kayak->Chasse-galerie->Faust (manga)->Homunculus,4
Glodzhevo,Homunculus,Glodzhevo->Nesebar->Apollo->Cyranides->Homunculus,4
Lalomoana,Homunculus,Lalomoana->Geographic coordinate system->Translation->Simulacrum->Homunculus,4
"169th Battalion (109th Regiment), CEF",Homunculus,"169th Battalion (109th Regiment), CEF->Toronto->Distilled beverage->Zosimos of Panopolis->Homunculus",4
Citizens' jury,Homunculus,Citizens' jury->Participatory action research->Complexity->Fractal->Homunculus,4
Khedive's Star,Homunculus,Khedive's Star->Mahdist War->Novel->Frankenstein->Homunculus,4
Bråkar och Johanna,Homunculus,Bråkar och Johanna->Sweden->British Isles->John Dee->Homunculus,4
Saugerties High School,Homunculus,Saugerties High School->The Tonight Show Starring Jimmy Fallon->A cappella->The 25th Annual Putnam County Spelling Bee->Homunculus,4
List of schools in Antwerp,Homunculus,List of schools in Antwerp->Willebroek->Dutch language->List of diminutives by language->Homunculus,4
Pseudaneitea aspera,Homunculus,Pseudaneitea aspera->Athoracophoridae->Mollusca->Mandrake->Homunculus,4
"Region 6, Northwest Territories",Homunculus,"Region 6, Northwest Territories->Norman Wells->Twelfth grade->Frankenstein->Homunculus",4
Walter Matthews (politician),Homunculus,Walter Matthews (politician)->British Columbia->Dutch language->List of diminutives by language->Homunculus,4
The Sheila Divine,Homunculus,"The Sheila Divine->Buffalo, New York->Grid plan->Fractal->Homunculus",4
Time of the Great Freeze,Homunculus,Time of the Great Freeze->Science fiction->Frankenstein->Homunculus,3
Loren Ross,Homunculus,Loren Ross->Markus Bott->Düsseldorf->Hanns Heinz Ewers->Homunculus,4
Judit Pogány,Homunculus,Judit Pogány->IMDb->Internet Speculative Fiction Database->Elemental->Homunculus,4
Gunnar Uldall,Homunculus,Gunnar Uldall->Integrated Authority File->Library->John Dee->Homunculus,4
Quchan Atiq Rural District,Homunculus,Quchan Atiq Rural District->Quchan->Mashhad->Alchemy and chemistry in medieval Islam->Homunculus,4
Ce' Cile,Homunculus,Ce' Cile->Reggae->Cover version->Simulacrum->Homunculus,4
LaserBand,Homunculus,LaserBand->List of business entities->Market economy->Fractal->Homunculus,4
Brian Hill (chef),Homunculus,Brian Hill (chef)->Top Chef (season 4)->Classical element->Homunculus,3
Sharon Sayles Belton,Homunculus,Sharon Sayles Belton->American Express->Parody->Simulacrum->Homunculus,4
Lampin Corporation,Homunculus,Lampin Corporation->ISO 9000->Understanding->Mental image->Homunculus,4
Sir Arthur Streeb-Greebling,Homunculus,Sir Arthur Streeb-Greebling->Harry Thompson->Lung cancer->Heredity->Homunculus,4
Hyaleucerea phaeosoma,Homunculus,Hyaleucerea phaeosoma->Arthropod->Sperm->Homunculus,3
HIV vaccine,Homunculus,HIV vaccine->HIV-associated neurocognitive disorder->Motor skill->Homunculus,3
Herxheim am Berg,Homunculus,Herxheim am Berg->Palatinate (region)->Prince-elector->Heredity->Homunculus,4
List of Canadian women's national ice hockey team rosters,Homunculus,List of Canadian women's national ice hockey team rosters->Ice Hockey World Championships->Austria->Paracelsus->Homunculus,4
Central FM (Spanish radio station),Homunculus,Central FM (Spanish radio station)->Radio station->Radar->Fractal->Homunculus,4
Frederick Vosper,Homunculus,Frederick Vosper->Arbitration->Bad faith->Homunculus,3
Nyírkarász,Homunculus,Nyírkarász->Nyírgelse->Area->Fractal->Homunculus,4
Darlington rail crash,Homunculus,Darlington rail crash->List of rail accidents in the United Kingdom->Hassocks->Raymond Briggs->Homunculus,4
Mike Trout,Homunculus,Mike Trout->Albert Belle->Halloween->Frankenstein->Homunculus,4
Communist Alliance,Homunculus,Communist Alliance->National Liberal Party (Australia)->Animal Justice Party->Silver Spring monkeys->Homunculus,4
Pedram Ardalany,Homunculus,Pedram Ardalany->Persian language->Latin->List of Latin words with English derivatives->Homunculus,4
Hildeburh,Homunculus,Hildeburh->Literature->Mimesis->Simulacrum->Homunculus,4
Rob Warner,Homunculus,"Rob Warner->Rob Warner (footballer)->Stratford, London->Chadwell Heath->Frankenstein->Homunculus",5
Ping Zhang,Homunculus,Ping Zhang->Digital object identifier->ISO 259->Golem->Homunculus,4
Khabur River,Homunculus,Khabur River->Khabur (Euphrates)->River->Fractal->Homunculus,4
Binary betting,Homunculus,Binary betting->Gambling->Ummah->Alchemy and chemistry in medieval Islam->Homunculus,4
Chapel Island 5,Homunculus,Chapel Island 5->List of National Historic Sites of Canada in Nova Scotia->British Empire->John Dee->Homunculus,4
The Kaleidoscope Trust,Homunculus,The Kaleidoscope Trust->LGBT->Swinging (sexual practice)->John Dee->Homunculus,4
Sad va Soleyman,Homunculus,Sad va Soleyman->Time zone->Immortality->Elixir of life->Homunculus,4
Wheelchair fencing at the 2012 Summer Paralympics – Men's sabre B,Homunculus,"Wheelchair fencing at the 2012 Summer Paralympics – Men's sabre B->2012 Summer Paralympics->Republic of Ireland->The Life and Opinions of Tristram Shandy, Gentleman->Homunculus",4
Maulana Azad College of Arts and Science,Homunculus,Maulana Azad College of Arts and Science->Chemistry->History of chemistry->Homunculus,3
Ariel Shtini,Homunculus,Ariel Shtini->Albanians->Ancient Greek religion->Cyranides->Homunculus,4
2008–09 Los Angeles Clippers season,Homunculus,2008–09 Los Angeles Clippers season->Portland Trail Blazers->Portlandia (TV series)->Swinging (sexual practice)->John Dee->Homunculus,5
KRCK-FM,Homunculus,KRCK-FM->KEZN->Classical music->Pythagoras->John Dee->Homunculus,5
List of people from Lleida,Homunculus,List of people from Lleida->Romanticism->Frankenstein->Homunculus,3
Bioprocess engineering,Homunculus,Bioprocess engineering->Microbiology->Preformationism->Homunculus,3
Claude Louis François Régnier de Guerchy,Homunculus,Claude Louis François Régnier de Guerchy->France->Antoine Lavoisier->History of chemistry->Homunculus,4
Doolgunna,Homunculus,Doolgunna->Gold->Philosopher's stone->Homunculus,3
Mithril,Homunculus,Mithril->The Lord of the Rings: The Return of the King->The Golden Voyage of Sinbad->Homunculus,3
James Bridie,Homunculus,James Bridie->University of Glasgow->Queen Mary University of London->Edgar Adrian->Homunculus,4
Umiasussuk,Homunculus,Umiasussuk->Upernavik Archipelago->Whale->Mandrake->Homunculus,4
St. Enoch Centre,Homunculus,St. Enoch Centre->University of Strathclyde->Frankenstein->Homunculus,3
François Lefebvre de Caumartin,Homunculus,François Lefebvre de Caumartin->Yves Pouliquen->Jean-Luc Marion->Roger Bacon->John Dee->Homunculus,5
Thrianta,Homunculus,Thrianta->Swiss Alps->Swiss literature->Charles Bonnet->Homunculus,4
Baghdad Central Station,Homunculus,Baghdad Central Station->British people->British Empire->John Dee->Homunculus,4
Leonidas Lent Hamline,Homunculus,Leonidas Lent Hamline->John Wesley->Latin->List of Latin words with English derivatives->Homunculus,4
Lockitron,Homunculus,Lockitron->Google Home->Monopoly video games->Runecraft->Shadow of Memories->Homunculus,5
Viveiros,Homunculus,Viveiros->Surname->Heredity->Homunculus,3
"Point Samson, Western Australia",Homunculus,"Point Samson, Western Australia->Division of Durack->Mexico->Maya civilization->John Dee->Homunculus",5
Montreuil-Bellay,Homunculus,Montreuil-Bellay->Bibliothèque nationale de France->Saint-Jacques Tower->Nicolas Flamel->Homunculus,4
Kyrölä railway station,Homunculus,Kyrölä railway station->Swedish language->Swedish realism->Alchemy->Homunculus,4
Trichostichia,Homunculus,Trichostichia->Taxonomy (biology)->History of evolutionary thought->Homunculus,3
Keweenaw National Historical Park,Homunculus,Keweenaw National Historical Park->Copper->Alchemy->Homunculus,3
Garuda Indonesia Flight 150,Homunculus,"Garuda Indonesia Flight 150->Garuda Indonesia->Darwin, Northern Territory->History of evolutionary thought->Homunculus",4
Banki State,Homunculus,Banki State->Thanjavur Maratha kingdom->Mughal Empire->Alchemy and chemistry in medieval Islam->Homunculus,4
Petar Aleksandrov,Homunculus,Petar Aleksandrov->Grasshopper Club Zürich->Austria->Paracelsus->Homunculus,4
Oberkommando der Marine,Homunculus,Oberkommando der Marine->Reichswehr->Stuttgart->Adventure game->Shadow of Memories->Homunculus,5
White Flag (Johns painting),Homunculus,White Flag (Johns painting)->Pop art->Simulacrum->Homunculus,3
Athletics at the 1997 East Asian Games,Homunculus,Athletics at the 1997 East Asian Games->Harumi Hiroyama->London Marathon->Limehouse->John Dee->Homunculus,5
Arne Sandstø,Homunculus,Arne Sandstø->Association football->Goal (sport)->Bad faith->Homunculus,4
Jeff Nicholson,Homunculus,Jeff Nicholson->Caliber Comics->Frankenstein->Homunculus,3
1924 Tulane Green Wave football team,Homunculus,1924 Tulane Green Wave football team->1931 Tulane Green Wave football team->International Standard Book Number->Library->John Dee->Homunculus,5
Nikos Vergos,Homunculus,Nikos Vergos->Rubén Baraja->Surname->Heredity->Homunculus,4
Brish Run,Homunculus,Brish Run->Sandstone->Crystal->Fractal->Homunculus,4
Operation Board Games,Homunculus,Operation Board Games->Rod Blagojevich corruption charges->Federal Bureau of Investigation->Library->John Dee->Homunculus,5
Austin City Hall,Homunculus,"Austin City Hall->Austin City Hall (Austin, Texas)->United States->English overseas possessions->John Dee->Homunculus",5
Kootathil Oruthan,Homunculus,Kootathil Oruthan->Romantic comedy film->Occult detective fiction->Shadow of Memories->Homunculus,4
Valdez High School,Homunculus,Valdez High School->United States->English overseas possessions->John Dee->Homunculus,4
John Kogut,Homunculus,John Kogut->Integrated Authority File->Library->John Dee->Homunculus,4
MSC Armonia,Homunculus,MSC Armonia->Cozumel->Maya civilization->John Dee->Homunculus,4
Good luck charm,Homunculus,Good luck charm->Mooncalf->Homunculus,2
Diplomatic uniform,Homunculus,Diplomatic uniform->Weimar Republic->Éminence grise->John Dee->Homunculus,4
1662 in England,Homunculus,1662 in England->Robert Boyle->Suspicions about the Hidden Realities of the Air->Homunculus,3
"Highland, Missouri",Homunculus,"Highland, Missouri->Telephone numbering plan->History of the Internet->History of artificial intelligence->Homunculus",4
Mikael Lindström,Homunculus,Mikael Lindström->China->Chinese alchemy->Waidan->Homunculus,4
Lafayette hillside memorial,Homunculus,Lafayette hillside memorial->Halloween 2002 anti-war protest->University of Cambridge->John Dee->Homunculus,4
47th station (CTA Green Line),Homunculus,47th station (CTA Green Line)->Chicago->Czech Republic->Golem->Homunculus,4
Shorts in a Bunch,Homunculus,Shorts in a Bunch->ChalkZone->Adventure Time->Elemental->Homunculus,4
OR5A2,Homunculus,OR5A2->Gene nomenclature->Heredity->Homunculus,3
Denis Earp,Homunculus,Denis Earp->Bloemfontein->The Hobbit->Elemental->Homunculus,4
Cirque Peak (Alberta),Homunculus,Cirque Peak (Alberta)->Geographic coordinate system->Map->Mental image->Homunculus,4
"Pointers, New Jersey",Homunculus,"Pointers, New Jersey->Lower Alloways Creek Township, New Jersey->Marriage->Heredity->Homunculus",4
The Last Airbender (video game),Homunculus,The Last Airbender (video game)->Avatar: The Last Airbender->Classical element->Homunculus,3
Craig Greenhill,Homunculus,Craig Greenhill->Conan the Barbarian->Elemental->Homunculus,3
Praaklima,Homunculus,Praaklima->Geographic coordinate system->Map->Mental image->Homunculus,4
Cantatorium,Homunculus,Cantatorium->Tract (liturgy)->Holy water->Classical element->Homunculus,4
Thomas Hunt House,Homunculus,Thomas Hunt House->Geographic coordinate system->Map->Mental image->Homunculus,4
Women in Oman,Homunculus,Women in Oman->Mother->Heredity->Homunculus,3
Listed buildings in Næstved Municipality,Homunculus,Listed buildings in Næstved Municipality->Denmark->Austria->Paracelsus->Homunculus,4
Yardbird Suite (album),Homunculus,Yardbird Suite (album)->Music genre->Sampling (music)->Simulacrum->Homunculus,4
Jean Rousseau (politician),Homunculus,Jean Rousseau (politician)->Canadians->British Isles->John Dee->Homunculus,4
2011 Antonio Savoldi–Marco Cò – Trofeo Dimmidisì – Singles,Homunculus,2011 Antonio Savoldi–Marco Cò – Trofeo Dimmidisì – Singles->Austria->Paracelsus->Homunculus,3
Vřesina (Ostrava-City District),Homunculus,Vřesina (Ostrava-City District)->Czech Republic->Golem->Homunculus,3
Ancestor veneration in China,Homunculus,Ancestor veneration in China->Zhenren->Neidan->Homunculus,3
Hymenopodinae,Homunculus,Hymenopodinae->Arthropod->Sperm->Homunculus,3
Lighthouse of Ponta das Contendas,Homunculus,Lighthouse of Ponta das Contendas->Light characteristic->Light->Classical element->Homunculus,4
Acalyptris fortis,Homunculus,Acalyptris fortis->Arthropod->Sperm->Homunculus,3
Greg Truitt,Homunculus,Greg Truitt->Fumble->Luck->Mooncalf->Homunculus,4
USS Folly (SP-1453),Homunculus,USS Folly (SP-1453)->Schooner->Dutch language->List of diminutives by language->Homunculus,4
Peter Schöffer,Homunculus,Peter Schöffer->Johann Fust->Faust (manga)->Homunculus,3
Delias funerea,Homunculus,Delias funerea->Arthropod->Sperm->Homunculus,3
"Sir Peter FitzGerald, 19th Knight of Kerry",Homunculus,"Sir Peter FitzGerald, 19th Knight of Kerry->Valentia Island->Tetrapod->History of evolutionary thought->Homunculus",4
1967–68 Tranmere Rovers F.C. season,Homunculus,1967–68 Tranmere Rovers F.C. season->1967–68 Inter-Cities Fairs Cup->Austria->Paracelsus->Homunculus,4
Carbasalate calcium,Homunculus,Carbasalate calcium->Nucleotide->Heredity->Homunculus,3
Greek ship Ermis,Homunculus,Greek ship Ermis->Hermes->Ouroboros->Homunculus,3
Gianluca Gorini,Homunculus,Gianluca Gorini->Gorizia->Gothic architecture->Frankenstein->Homunculus,4
Miz Ima Starr,Homunculus,Miz Ima Starr->Australia's Got Talent->List of programs broadcast by Nine Network->The Life and Times of Juniper Lee->Homunculus,4
Fengtai Dongdajie Station,Homunculus,Fengtai Dongdajie Station->Geographic coordinate system->Map->Mental image->Homunculus,4
Bahing,Homunculus,Bahing->Tharu people->Heredity->Homunculus,3
Rubin Tyumen,Homunculus,Rubin Tyumen->Metallurg Novokuznetsk->Czech Republic->Golem->Homunculus,4
"Sora, Chile",Homunculus,"Sora, Chile->Village->Industrial Revolution->Frankenstein->Homunculus",4
Capacitor,Homunculus,Capacitor->Electricity->Frankenstein->Homunculus,3
2003–04 Newcastle United SC season,Homunculus,2003–04 Newcastle United SC season->Michael Bridges->Goal (sport)->Bad faith->Homunculus,4
Honoris Crux,Homunculus,Honoris Crux->Honoris Crux Silver->Captain (armed forces)->Warrant officer->Gunpowder->Liber Ignium->Homunculus,6
Stephen Randall Harris,Homunculus,Stephen Randall Harris->Art Agnos->Nation of Islam->Alchemy and chemistry in medieval Islam->Homunculus,4
Emma-Kate Dewhurst,Homunculus,Emma-Kate Dewhurst->Australia->Austria->Paracelsus->Homunculus,4
Rugege Highlands forest chameleon,Homunculus,Rugege Highlands forest chameleon->Squamata->Sperm->Homunculus,3
Maurice Trintignant,Homunculus,Maurice Trintignant->Czech Republic->Golem->Homunculus,3
Chris Sanders (wide receiver),Homunculus,Chris Sanders (wide receiver)->Montgomery Bell Academy->The 25th Annual Putnam County Spelling Bee->Homunculus,3
The Fifth Quarter,Homunculus,The Fifth Quarter->Seven Network->Universal Pictures->Bride of Frankenstein->Homunculus,4
Asahara,Homunculus,Asahara->Surname->Heredity->Homunculus,3
Carrier Air Conditioner move to Mexico,Homunculus,Carrier Air Conditioner move to Mexico->Offshoring->Ibn Khaldun->Alchemy and chemistry in medieval Islam->Homunculus,4
San Juan Teita,Homunculus,San Juan Teita->Municipalities of Mexico->Surface area->Fractal->Homunculus,4
NASASpaceFlight.com,Homunculus,NASASpaceFlight.com->Engineering->History of evolutionary thought->Homunculus,3
Anna,Homunculus,Anna->Morgause->List of works based on Arthurian legends->Homunculus,3
Miccosukee Resort & Gaming,Homunculus,Miccosukee Resort & Gaming->Miami->Islam->Alchemy and chemistry in medieval Islam->Homunculus,4
Penange Dogon,Homunculus,Penange Dogon->Languages of Mali->Arabic->Alchemy->Homunculus,4
Pull printing,Homunculus,Pull printing->License->Accession (property law)->Bad faith->Homunculus,4
Sean Fleming,Homunculus,"Sean Fleming->Seán Fleming->Republic of Ireland->The Life and Opinions of Tristram Shandy, Gentleman->Homunculus",4
2001 UEFA–CAF Meridian Cup,Homunculus,2001 UEFA–CAF Meridian Cup->Czech Republic national under-18 football team->Czech Republic->Golem->Homunculus,4
Charles Lapointe,Homunculus,Charles Lapointe->Joseph-Aldric Ouimet->Censure->Censer->Waidan->Homunculus,5
Pakistan Naval Academy,Homunculus,Pakistan Naval Academy->Biology->History of evolutionary thought->Homunculus,3
2017 Irving Tennis Classic,Homunculus,2017 Irving Tennis Classic->Austria->Paracelsus->Homunculus,3
Vijay Dahiya,Homunculus,Vijay Dahiya->Delhi->Hangzhou->Yue Fei->Waidan->Homunculus,5
Gowran (Parliament of Ireland constituency),Homunculus,"Gowran (Parliament of Ireland constituency)->Republic of Ireland->The Life and Opinions of Tristram Shandy, Gentleman->Homunculus",3
"Crenshaw Crossing, Illinois",Homunculus,"Crenshaw Crossing, Illinois->Cambria, Illinois->Marriage->Heredity->Homunculus",4
1977 IAAF World Cross Country Championships – Senior men's race,Homunculus,1977 IAAF World Cross Country Championships – Senior men's race->Düsseldorf->Hanns Heinz Ewers->Homunculus,3
Swimming at the 2006 Asian Games – Women's 50 metre butterfly,Homunculus,Swimming at the 2006 Asian Games – Women's 50 metre butterfly->Hangzhou->Yue Fei->Waidan->Homunculus,4
Daved Benefield,Homunculus,Daved Benefield->National Football League->Concussion->Human brain->Cortical homunculus->Homunculus,5
Andy Harpas,Homunculus,Andy Harpas->New South Wales->Platypus->Cortical homunculus->Homunculus,4
USS White Marsh (LSD-8),Homunculus,USS White Marsh (LSD-8)->Ryukyu Islands->Elixir of life->Homunculus,3
"Kim Jung-hyun (footballer, born 1990)",Homunculus,"Kim Jung-hyun (footballer, born 1990)->Hangul->Canadian currency tactile feature->Somatosensory system->Cortical homunculus->Homunculus",5
Rebecca Parchment,Homunculus,Rebecca Parchment->Miss World 2007->Austria->Paracelsus->Homunculus,4
In the Nightside Eclipse,Homunculus,In the Nightside Eclipse->Orc->Elemental->Homunculus,3
Stolen Harmony,Homunculus,Stolen Harmony->1935 in film->Bride of Frankenstein->Homunculus,3
OzLand,Homunculus,OzLand->The Wonderful Wizard of Oz->Elemental->Homunculus,3
279,Homunculus,279->270s->Gunpowder->Liber Ignium->Homunculus,4
István Vincze (mathematician),Homunculus,István Vincze (mathematician)->Mathematics->Fractal->Homunculus,3
Dickel,Homunculus,Dickel->Central European Time->Cologne->Heinrich Cornelius Agrippa->Homunculus,4
Humoresque (1946 film),Homunculus,Humoresque (1946 film)->Australia->Platypus->Cortical homunculus->Homunculus,4
Rimikhan Ziyadov,Homunculus,Rimikhan Ziyadov->Makhachkala->Relative humidity->Itch->Referred itch->Homunculus,5
Sungeo-guk,Homunculus,Sungeo-guk->Hangul->Canadian currency tactile feature->Somatosensory system->Cortical homunculus->Homunculus,5
Xenophage,Homunculus,Xenophage->Xenophagy->Ecology->Index of biology articles->Homunculus,4
Glaucocharis melistoma,Homunculus,Glaucocharis melistoma->Arthropod->Sperm->Homunculus,3
Jai Jai Jai Bajrang Bali,Homunculus,Jai Jai Jai Bajrang Bali->India->China–India relations->Sun Simiao->Waidan->Homunculus,5
Euphaedra graueri,Homunculus,Euphaedra graueri->Butterfly->Censer->Waidan->Homunculus,4
Howard Brown Health Center,Homunculus,Howard Brown Health Center->Kathy Osterman->Cancer->Heredity->Homunculus,4
1925 Boston College Eagles football team,Homunculus,1925 Boston College Eagles football team->Catholic University Cardinals football->Johns Hopkins Blue Jays->Johns Hopkins School of Medicine->Cortical homunculus->Homunculus,5
Marcos Winter,Homunculus,Marcos Winter->Apocalipse (telenovela)->Book of Revelation->Censer->Waidan->Homunculus,5
Emma Leth,Homunculus,Emma Leth->Twitter->Harry Potter->Alchemy->Homunculus,4
Kasia Miednik,Homunculus,Kasia Miednik->Czech Republic->Golem->Homunculus,3
Wilczopole,Homunculus,Wilczopole->Voivodeships of Poland->Translation->Simulacrum->Homunculus,4
U.S. Route 25 in Georgia,Homunculus,"U.S. Route 25 in Georgia->Tattnall County, Georgia->Marriage->Heredity->Homunculus",4
HMS Exmoor (L61),Homunculus,HMS Exmoor (L61)->Naval mine->Gunpowder->Liber Ignium->Homunculus,4
Bonjour Kathrin – Caterina Valente präsentiert ihre größten Erfolge,Homunculus,Bonjour Kathrin – Caterina Valente präsentiert ihre größten Erfolge->Compilation album->Cover version->Simulacrum->Homunculus,4
George Symes,Homunculus,George Symes->George William Symes->21st Army Group->Düsseldorf->Hanns Heinz Ewers->Homunculus,5
Crime harm index,Homunculus,Crime harm index->Shoplifting->Eating disorder->Cortical homunculus->Homunculus,4
"Standard, Indiana",Homunculus,"Standard, Indiana->Hymera, Indiana->Marriage->Heredity->Homunculus",4
William Pearly Oliver,Homunculus,William Pearly Oliver->Order of Canada->Wilder Penfield->Cortical homunculus->Homunculus,4
Short interspersed nuclear element,Homunculus,Short interspersed nuclear element->Leukemia->Heredity->Homunculus,3
Doege–Potter syndrome,Homunculus,Doege–Potter syndrome->Lobe (anatomy)->Cerebral cortex->Homunculus,3
Priscilla Freeman Jacobs,Homunculus,"Priscilla Freeman Jacobs->Wilmington, North Carolina->Batman Forever->9 (2009 animated film)->Homunculus",4
New Zealand women's cricket team in South Africa in 2016–17,Homunculus,New Zealand women's cricket team in South Africa in 2016–17->West Indian cricket team against Pakistan in the UAE in 2016–17->Dengue fever->Itch->Referred itch->Homunculus,5
NER Class W1,Homunculus,NER Class W1->British Rail Class 76->Pluto (mythology)->Ouroboros->Homunculus,5
Pseudorhabdosynochus epinepheli,Homunculus,Pseudorhabdosynochus epinepheli->Vagina->Latin->List of Latin words with English derivatives->Homunculus,5
"Sacred Heart Academy (Stamford, Connecticut)",Homunculus,"Sacred Heart Academy (Stamford, Connecticut)->Geographic coordinate system->Latin->List of Latin words with English derivatives->Homunculus",5
Jurbijarkol,Homunculus,Jurbijarkol->Iran->Avicenna->Elixir of life->Homunculus,5
Amphimasoreus,Homunculus,Amphimasoreus->Arthropod->Sperm->Homunculus,4
Pietro da Pietri,Homunculus,Pietro da Pietri->Baroque->René Descartes->Language of thought hypothesis->Homunculus,5
Justin Pearson,Homunculus,Justin Pearson->Animal rights->Consciousness->Language of thought hypothesis->Homunculus,5
"Chord Line, Tamil Nadu",Homunculus,"Chord Line, Tamil Nadu->Bus->Latin->List of Latin words with English derivatives->Homunculus",5
Guilded Age,Homunculus,Guilded Age->Atomic Robo->Artificial intelligence->Language of thought hypothesis->Homunculus,5
Chichester's Inn,Homunculus,Chichester's Inn->United States->Latin->List of Latin words with English derivatives->Homunculus,5
James Van Cleve,Homunculus,James Van Cleve->Lehigh University->Latin->List of Latin words with English derivatives->Homunculus,5
Nevado de Chañi,Homunculus,Nevado de Chañi->Geographic coordinate system->Latin->List of Latin words with English derivatives->Homunculus,5
1981–82 OHL season,Homunculus,1981–82 OHL season->Barrie Colts->Austria->Paracelsus->Homunculus,5
Sepia rhoda,Homunculus,Sepia rhoda->Binomial nomenclature->Latin->List of Latin words with English derivatives->Homunculus,5
Nicothoe,Homunculus,Nicothoe->Nicothoe tumulosa->Latin->List of Latin words with English derivatives->Homunculus,5
El Caín,Homunculus,El Caín->Geographic coordinate system->Latin->List of Latin words with English derivatives->Homunculus,5
Tarbosaurus,Homunculus,Tarbosaurus->Vertebra->Latin->List of Latin words with English derivatives->Homunculus,5
Edgar Bogardus,Homunculus,Edgar Bogardus->Yale University->Latin->List of Latin words with English derivatives->Homunculus,5
Windows Mobile 6.5,Homunculus,Windows Mobile 6.5->Ars Technica->Latin->List of Latin words with English derivatives->Homunculus,5
Sam Honigberg,Homunculus,Sam Honigberg->Chicago->Latin->List of Latin words with English derivatives->Homunculus,5
Hottāman no Chitei Tanken,Homunculus,Hottāman no Chitei Tanken->Action game->Artificial intelligence->Language of thought hypothesis->Homunculus,5
1962–63 Bahraini Premier League,Homunculus,1962–63 Bahraini Premier League->2009–10 Bahrain First Division League->2010 Indonesia national football team results->Austria->Paracelsus->Homunculus,6
Blackiston Formation,Homunculus,Blackiston Formation->United States->Pragmatism->Language of thought hypothesis->Homunculus,5
Niederöblarn,Homunculus,Niederöblarn->Austria->Paracelsus->Homunculus,4
Edgewater Park School District,Homunculus,Edgewater Park School District->Twelfth grade->Frankenstein->Homunculus,4
Kevin Corrigan,Homunculus,"Kevin Corrigan->Definitely, Maybe->Idealism->Language of thought hypothesis->Homunculus",5
Achiam,Homunculus,Achiam->Thermae->Latin->List of Latin words with English derivatives->Homunculus,5
1972–73 European Cup,Homunculus,1972–73 European Cup->Greece->Latin->List of Latin words with English derivatives->Homunculus,5
Juan Garcia-Herreros,Homunculus,Juan Garcia-Herreros->Germany->Latin->List of Latin words with English derivatives->Homunculus,5
Phoenicurusia,Homunculus,Phoenicurusia->Arthropod->Sperm->Homunculus,4
Drought cycle (Brazilian literature),Homunculus,Drought cycle (Brazilian literature)->Basic Books->Karl Popper->Language of thought hypothesis->Homunculus,5
Gegeneophis carnosus,Homunculus,Gegeneophis carnosus->Binomial nomenclature->List of Latin and Greek words commonly used in systematic names->List of Latin words with English derivatives->Homunculus,5
Rembówko,Homunculus,Rembówko->Warsaw->Latin->List of Latin words with English derivatives->Homunculus,5
Pallesen,Homunculus,Pallesen->Surname->Heredity->Homunculus,4
British Pakistani (disambiguation),Homunculus,British Pakistani (disambiguation)->Britons in Pakistan->United Kingdom->Karl Popper->Language of thought hypothesis->Homunculus,6
Karnataka State Law University,Homunculus,Karnataka State Law University->Geographic coordinate system->Latin->List of Latin words with English derivatives->Homunculus,5
EVE/ZeBu,Homunculus,EVE/ZeBu->Communication protocol->Philosophy of artificial intelligence->Language of thought hypothesis->Homunculus,5
SA Pathology,Homunculus,SA Pathology->Breast cancer->Heredity->Homunculus,4
Alex Remneas,Homunculus,"Alex Remneas->Phoenix, Arizona->American Broadcasting Company->ABC Movie of the Week->Elixir of life->Homunculus",6
Rancho Magaña Airstrip,Homunculus,Rancho Magaña Airstrip->Mexico->Idealism->Language of thought hypothesis->Homunculus,5
1995 Football League Third Division play-off Final,Homunculus,1995 Football League Third Division play-off Final->1994 Intertoto Cup->Austria->Paracelsus->Homunculus,5
American studies,Homunculus,American studies->Literary criticism->Martin Heidegger->Language of thought hypothesis->Homunculus,5
Charles Edward Bright,Homunculus,Charles Edward Bright->Bristol->Norwich->Ouroboros->Homunculus,5
Marina Gritsenko,Homunculus,Marina Gritsenko->2004 Summer Olympics->Athena->Ouroboros->Homunculus,5
Herencia maldita,Homunculus,Herencia maldita->Chispita (telenovela)->Child->Heredity->Homunculus,5
The Adventure of the Ectoplasmic Man,Homunculus,The Adventure of the Ectoplasmic Man->Harry Houdini->H. P. Lovecraft->Elements of the Cthulhu Mythos->Homunculus,5
Ogawa Station (Aichi),Homunculus,Ogawa Station (Aichi)->Japan->Entertainment->Motor skill->Homunculus,5
Beaufort County Courthouse,Homunculus,Beaufort County Courthouse->Courthouse->Film->Bride of Frankenstein->Homunculus,5
Solio Ranch,Homunculus,Solio Ranch->Common eland->Latin->List of Latin words with English derivatives->Homunculus,5
Sunekosuri,Homunculus,Sunekosuri->Yōkai->Imp->Homunculus,4
Yolanda Sanchez,Homunculus,Yolanda Sanchez->Fulbright Program->Saul Kripke->Pirsig's metaphysics of Quality->Homunculus,4
Jure Košir,Homunculus,Jure Košir->France->Alfred North Whitehead->Pirsig's metaphysics of Quality->Homunculus,4
No. 10 Local Air Supply Unit RAAF,Homunculus,No. 10 Local Air Supply Unit RAAF->Avro Anson->Steel->Zosimos of Panopolis->Homunculus,4
Teresa Dovalpage,Homunculus,Teresa Dovalpage->Havana->Austria->Paracelsus->Homunculus,4
Oncideres dalmani,Homunculus,Oncideres dalmani->Taxonomy (biology)->Aristotle->Pirsig's metaphysics of Quality->Homunculus,4
Robyn North,Homunculus,Robyn North->England->Aristotle->Pirsig's metaphysics of Quality->Homunculus,4
Luis García Berlanga,Homunculus,Luis García Berlanga->Spanish naming customs->Diminutive->List of diminutives by language->Homunculus,4
Gakologelwang Masheto,Homunculus,Gakologelwang Masheto->Beijing->Austria->Paracelsus->Homunculus,4
DFW Tornados,Homunculus,DFW Tornados->FIFA eligibility rules->Court of Arbitration for Sport->Bad faith->Homunculus,4
Howard Davies (economist),Homunculus,Howard Davies (economist)->London School of Economics->List of University of London people->Raymond Briggs->Homunculus,4
List of spa towns in France,Homunculus,List of spa towns in France->Aulus-les-Bains->Mercury (element)->Chrysopoeia->Homunculus,4
2009 Honda Indy Toronto,Homunculus,2009 Honda Indy Toronto->Exhibition Place->Sphinx->Atalanta Fugiens->Homunculus,4
Troy Newman (activist),Homunculus,Troy Newman (activist)->Adolf Hitler->Arthur Schopenhauer->Pirsig's metaphysics of Quality->Homunculus,4
Oskar D'Amico,Homunculus,Oskar D'Amico->Ancient Rome->Ares->Papyrus Graecus Holmiensis->Homunculus,4
Two Small Bodies,Homunculus,Two Small Bodies->United States->Charles Sanders Peirce->Pirsig's metaphysics of Quality->Homunculus,4
Liên Sơn,Homunculus,Liên Sơn->Time zone->Islamic calendar->Alchemy and chemistry in medieval Islam->Homunculus,4
Roger Somville,Homunculus,Roger Somville->Netherlands Institute for Art History->Art history->Alchemy->Homunculus,4
1987 World Rally Championship,Homunculus,1987 World Rally Championship->Austria->Paracelsus->Homunculus,3
2016 ICC World Cricket League Division Five,Homunculus,"2016 ICC World Cricket League Division Five->Sue Redfern->Republic of Ireland->The Life and Opinions of Tristram Shandy, Gentleman->Homunculus",4
Kamil Bednarek,Homunculus,"Kamil Bednarek->Kingston, Jamaica->Protestantism->Enlightenment (spiritual)->Homunculus",4
Battle of Dobrynichi,Homunculus,Battle of Dobrynichi->Cannon->Alchemy and chemistry in medieval Islam->Homunculus,3
Placebo studies,Homunculus,Placebo studies->Major depressive disorder->Unconscious mind->Paracelsus->Homunculus,4
"Rain Rock, Ohio",Homunculus,"Rain Rock, Ohio->Pataskala, Ohio->Marriage->Heredity->Homunculus",4
List of Chairmen of the Supreme Soviet of the Turkmen Soviet Socialist Republic,Homunculus,List of Chairmen of the Supreme Soviet of the Turkmen Soviet Socialist Republic->Saparmurat Niyazov->8888 Uprising->Mythical creatures in Burmese folklore->Alchemy->Homunculus,5
Change the World: An Introduction,Homunculus,Change the World: An Introduction->Gary Holland->Fran Drescher->Bride of Frankenstein->Homunculus,4
"Port Stanvac, South Australia",Homunculus,"Port Stanvac, South Australia->Gulf St Vincent->Sea urchin->Sperm->Homunculus",4
Veselin Mareshki,Homunculus,Veselin Mareshki->Independent politician->King Arthur->List of works based on Arthurian legends->Homunculus,4
Happy Rock,Homunculus,"Happy Rock->Sparta, Wisconsin->Marriage->Heredity->Homunculus",4
Kunkayuq,Homunculus,Kunkayuq->Andes->Copper->Alchemy->Homunculus,4
1971 European Athletics Championships – Men's 100 metres,Homunculus,1971 European Athletics Championships – Men's 100 metres->1971 European Athletics Championships – Women's pentathlon->Austria->Paracelsus->Homunculus,4
Sandro Bloudek,Homunculus,Sandro Bloudek->Zenica->Mosque->Alchemy and chemistry in medieval Islam->Homunculus,4
Dam Boz,Homunculus,Dam Boz->Bakhsh->Archon->Enlightenment (spiritual)->Homunculus,4
Ellen Hamlin,Homunculus,"Ellen Hamlin->Bangor, Maine->Marriage->Heredity->Homunculus",4
Toyogdo,Homunculus,Toyogdo->Mogtédo->Time zone->Philosophy of space and time->Pirsig's metaphysics of Quality->Homunculus,5
RU.TV,Homunculus,RU.TV->TV1000 Russkoe Kino->Nova television (Bulgaria)->The Life and Times of Juniper Lee->Homunculus,4
Alan Breeze,Homunculus,Alan Breeze->Norwich->Ouroboros->Homunculus,3
List of castles in the Pays de la Loire,Homunculus,List of castles in the Pays de la Loire->Bluebeard->Ludwig Wittgenstein->Pirsig's metaphysics of Quality->Homunculus,4
Pavel Sulyandziga,Homunculus,Pavel Sulyandziga->Surname->Heredity->Homunculus,3
Copulabyssia,Homunculus,Copulabyssia->Mollusca->Sperm->Homunculus,3
PDCurses,Homunculus,PDCurses->User interface->Computer science->History of artificial intelligence->Homunculus,4
Hamamelididae,Homunculus,Hamamelididae->Mark Wayne Chase->John D. Barrow->Teleology->Pirsig's metaphysics of Quality->Homunculus,5
Barefoot (horse),Homunculus,Barefoot (horse)->Inbreeding->Heredity->Homunculus,3
You Better Not Waste My Time,Homunculus,You Better Not Waste My Time->Love.Live.Life->Bournemouth->Frankenstein->Homunculus,4
"Leichhardt Tree, Taroom",Homunculus,"Leichhardt Tree, Taroom->Darwin, Northern Territory->History of evolutionary thought->Homunculus",3
"St Barnabas' Church, Bromborough",Homunculus,"St Barnabas' Church, Bromborough->Gothic Revival architecture->Frankenstein->Homunculus",3
John Willoughby Crawford,Homunculus,John Willoughby Crawford->James Bartleman->Non-fiction->Truth->Pirsig's metaphysics of Quality->Homunculus,5
Morris Bear Squire,Homunculus,Morris Bear Squire->University of Chicago->Bertrand Russell->Pirsig's metaphysics of Quality->Homunculus,4
Thomas Hamlin Hubbard,Homunculus,Thomas Hamlin Hubbard->Find a Grave->Genealogy->Heredity->Homunculus,4
Tehuantepec District,Homunculus,Tehuantepec District->Mexico->Idealism->Pirsig's metaphysics of Quality->Homunculus,4
Gisilia antidesma,Homunculus,Gisilia antidesma->Arthropod->Sperm->Homunculus,3